<?xml version="1.0" encoding="UTF-8"?>
<robot rpa="false" generated="20190405 16:50:22.038" generator="Robot 3.1.1 (Python 2.7.15 on win32)">
<suite source="D:\Robot\REDD\workspace\Demo" id="s1" name="Demo">
<suite source="D:\Robot\REDD\workspace\Demo\Testsuite1.robot" id="s1-s1" name="Testsuite1">
<test id="s1-s1-t1" name="Register_an_account_dic_var">
<kw name="Open Browser" library="SeleniumLibrary">
<doc>Opens a new browser instance to the given ``url``.</doc>
<arguments>
<arg>${URL}</arg>
<arg>chrome</arg>
</arguments>
<msg timestamp="20190405 16:50:22.413" level="INFO">Opening browser 'chrome' to base url 'http://demo.guru99.com/test/newtours/index.php'.</msg>
<status status="PASS" endtime="20190405 16:53:29.127" starttime="20190405 16:50:22.413"></status>
</kw>
<kw name="Title Should Be" library="SeleniumLibrary">
<doc>Verifies that current page title equals ``title``.</doc>
<arguments>
<arg>${TITLE}</arg>
</arguments>
<msg timestamp="20190405 16:53:29.136" level="INFO">Page title is 'Welcome: Mercury Tours'.</msg>
<status status="PASS" endtime="20190405 16:53:29.136" starttime="20190405 16:53:29.127"></status>
</kw>
<kw name="Maximize Browser Window" library="SeleniumLibrary">
<doc>Maximizes current browser window.</doc>
<status status="PASS" endtime="20190405 16:53:30.334" starttime="20190405 16:53:29.136"></status>
</kw>
<kw name="Log To Console" library="BuiltIn">
<doc>Logs the given message to the console.</doc>
<arguments>
<arg>Register an account</arg>
</arguments>
<status status="PASS" endtime="20190405 16:53:30.337" starttime="20190405 16:53:30.335"></status>
</kw>
<kw name="Click Element" library="SeleniumLibrary">
<doc>Click element identified by ``locator``.</doc>
<arguments>
<arg>${REGISTER_LINK}</arg>
</arguments>
<msg timestamp="20190405 16:53:30.339" level="INFO">Clicking element 'link=REGISTER'.</msg>
<status status="PASS" endtime="20190405 16:53:32.119" starttime="20190405 16:53:30.338"></status>
</kw>
<kw name="Input Text" library="SeleniumLibrary">
<doc>Types the given ``text`` into text field identified by ``locator``.</doc>
<arguments>
<arg>&amp;{REQUIRED_INFO}[firstname]</arg>
<arg>&amp;{USER_INFO}[firstname]</arg>
</arguments>
<msg timestamp="20190405 16:53:32.120" level="INFO">Typing text 'Tho' into text field 'name=firstName'.</msg>
<status status="PASS" endtime="20190405 16:53:32.218" starttime="20190405 16:53:32.119"></status>
</kw>
<kw name="Input Text" library="SeleniumLibrary">
<doc>Types the given ``text`` into text field identified by ``locator``.</doc>
<arguments>
<arg>&amp;{REQUIRED_INFO}[lastname]</arg>
<arg>&amp;{USER_INFO}[lastname]</arg>
</arguments>
<msg timestamp="20190405 16:53:32.219" level="INFO">Typing text 'Pham' into text field 'name=lastName'.</msg>
<status status="PASS" endtime="20190405 16:53:32.315" starttime="20190405 16:53:32.218"></status>
</kw>
<kw name="Input Text" library="SeleniumLibrary">
<doc>Types the given ``text`` into text field identified by ``locator``.</doc>
<arguments>
<arg>&amp;{REQUIRED_INFO}[phone]</arg>
<arg>&amp;{USER_INFO}[phone]</arg>
</arguments>
<msg timestamp="20190405 16:53:32.316" level="INFO">Typing text '0908224292' into text field 'name=phone'.</msg>
<status status="PASS" endtime="20190405 16:53:32.442" starttime="20190405 16:53:32.315"></status>
</kw>
<kw name="Input Text" library="SeleniumLibrary">
<doc>Types the given ``text`` into text field identified by ``locator``.</doc>
<arguments>
<arg>&amp;{REQUIRED_INFO}[username]</arg>
<arg>&amp;{USER_INFO}[username]</arg>
</arguments>
<msg timestamp="20190405 16:53:32.443" level="INFO">Typing text 'pttho@tma.com.vn' into text field 'id=userName'.</msg>
<status status="PASS" endtime="20190405 16:53:32.609" starttime="20190405 16:53:32.443"></status>
</kw>
<kw name="Input Text" library="SeleniumLibrary">
<doc>Types the given ``text`` into text field identified by ``locator``.</doc>
<arguments>
<arg>&amp;{REQUIRED_INFO}[address]</arg>
<arg>&amp;{USER_INFO}[address]</arg>
</arguments>
<msg timestamp="20190405 16:53:32.610" level="INFO">Typing text '111 Nguyen Dinh Chinh, P15' into text field 'name=address1'.</msg>
<status status="PASS" endtime="20190405 16:53:32.849" starttime="20190405 16:53:32.609"></status>
</kw>
<kw name="Input Text" library="SeleniumLibrary">
<doc>Types the given ``text`` into text field identified by ``locator``.</doc>
<arguments>
<arg>&amp;{REQUIRED_INFO}[city]</arg>
<arg>&amp;{USER_INFO}[city]</arg>
</arguments>
<msg timestamp="20190405 16:53:32.850" level="INFO">Typing text 'PN' into text field 'name=city'.</msg>
<status status="PASS" endtime="20190405 16:53:32.938" starttime="20190405 16:53:32.849"></status>
</kw>
<kw name="Input Text" library="SeleniumLibrary">
<doc>Types the given ``text`` into text field identified by ``locator``.</doc>
<arguments>
<arg>&amp;{REQUIRED_INFO}[state]</arg>
<arg>&amp;{USER_INFO}[state]</arg>
</arguments>
<msg timestamp="20190405 16:53:32.939" level="INFO">Typing text 'HCM' into text field 'name=state'.</msg>
<status status="PASS" endtime="20190405 16:53:33.037" starttime="20190405 16:53:32.939"></status>
</kw>
<kw name="Input Text" library="SeleniumLibrary">
<doc>Types the given ``text`` into text field identified by ``locator``.</doc>
<arguments>
<arg>&amp;{REQUIRED_INFO}[postalcode]</arg>
<arg>&amp;{USER_INFO}[postalcode]</arg>
</arguments>
<msg timestamp="20190405 16:53:33.038" level="INFO">Typing text '9999' into text field 'name=postalCode'.</msg>
<status status="PASS" endtime="20190405 16:53:33.125" starttime="20190405 16:53:33.038"></status>
</kw>
<kw name="Select From List By Value" library="SeleniumLibrary">
<doc>Selects options from selection list ``locator`` by ``values``.</doc>
<arguments>
<arg>&amp;{REQUIRED_INFO}[country]</arg>
<arg>&amp;{USER_INFO}[country]</arg>
</arguments>
<msg timestamp="20190405 16:53:33.127" level="INFO">Selecting options from selection list 'name=country' by value VIETNAM.</msg>
<status status="PASS" endtime="20190405 16:53:33.220" starttime="20190405 16:53:33.126"></status>
</kw>
<kw name="Input Text" library="SeleniumLibrary">
<doc>Types the given ``text`` into text field identified by ``locator``.</doc>
<arguments>
<arg>&amp;{REQUIRED_INFO}[email]</arg>
<arg>&amp;{USER_INFO}[email]</arg>
</arguments>
<msg timestamp="20190405 16:53:33.221" level="INFO">Typing text 'Tho@tma.com.vn' into text field 'name=email'.</msg>
<status status="PASS" endtime="20190405 16:53:33.371" starttime="20190405 16:53:33.220"></status>
</kw>
<kw name="Input Password" library="SeleniumLibrary">
<doc>Types the given password into text field identified by ``locator``.</doc>
<arguments>
<arg>&amp;{REQUIRED_INFO}[password]</arg>
<arg>&amp;{USER_INFO}[password]</arg>
</arguments>
<msg timestamp="20190405 16:53:33.372" level="INFO">Typing password into text field 'name=password'.</msg>
<status status="PASS" endtime="20190405 16:53:33.465" starttime="20190405 16:53:33.371"></status>
</kw>
<kw name="Input Password" library="SeleniumLibrary">
<doc>Types the given password into text field identified by ``locator``.</doc>
<arguments>
<arg>&amp;{REQUIRED_INFO}[confirmpassword]</arg>
<arg>&amp;{USER_INFO}[password]</arg>
</arguments>
<msg timestamp="20190405 16:53:33.466" level="INFO">Typing password into text field 'name=confirmPassword'.</msg>
<status status="PASS" endtime="20190405 16:53:33.559" starttime="20190405 16:53:33.465"></status>
</kw>
<kw name="Click Button" library="SeleniumLibrary">
<doc>Clicks button identified by ``locator``.</doc>
<arguments>
<arg>${SUBMIT_BTN}</arg>
</arguments>
<msg timestamp="20190405 16:53:33.560" level="INFO">Clicking button 'name=submit'.</msg>
<status status="PASS" endtime="20190405 16:53:35.215" starttime="20190405 16:53:33.559"></status>
</kw>
<kw name="Wait Until Page Contains" library="SeleniumLibrary">
<doc>Waits until ``text`` appears on current page.</doc>
<arguments>
<arg>Thank you for registering</arg>
<arg>10s</arg>
</arguments>
<status status="PASS" endtime="20190405 16:53:35.233" starttime="20190405 16:53:35.215"></status>
</kw>
<kw type="teardown" name="Close Browser" library="SeleniumLibrary">
<doc>Closes the current browser.</doc>
<status status="PASS" endtime="20190405 16:53:38.349" starttime="20190405 16:53:35.233"></status>
</kw>
<doc>User can register an account</doc>
<tags>
<tag>Register_an_account</tag>
</tags>
<status status="PASS" endtime="20190405 16:53:38.350" critical="yes" starttime="20190405 16:50:22.412"></status>
</test>
<status status="PASS" endtime="20190405 16:53:38.352" starttime="20190405 16:50:22.105"></status>
</suite>
<status status="PASS" endtime="20190405 16:53:38.356" starttime="20190405 16:50:22.083"></status>
</suite>
<statistics>
<total>
<stat fail="0" pass="1">Critical Tests</stat>
<stat fail="0" pass="1">All Tests</stat>
</total>
<tag>
<stat fail="0" pass="1">Register_an_account</stat>
</tag>
<suite>
<stat fail="0" id="s1" name="Demo" pass="1">Demo</stat>
<stat fail="0" id="s1-s1" name="Testsuite1" pass="1">Demo.Testsuite1</stat>
</suite>
</statistics>
<errors>
</errors>
</robot>
