<?xml version="1.0" encoding="UTF-8"?>
<robot rpa="false" generated="20190425 19:46:42.308" generator="Robot 3.1.1 (Python 2.7.14 on win32)">
<suite source="D:\Robotframework\RED_0.8.11.20190131133900-win32.win32.x86_64\workspace\RED_demo.zip_expanded\Demo" id="s1" name="Demo">
<suite source="D:\Robotframework\RED_0.8.11.20190131133900-win32.win32.x86_64\workspace\RED_demo.zip_expanded\Demo\Robot_web_testing" id="s1-s1" name="Robot web testing">
<suite source="D:\Robotframework\RED_0.8.11.20190131133900-win32.win32.x86_64\workspace\RED_demo.zip_expanded\Demo\Robot_web_testing\sample_suite" id="s1-s1-s1" name="Sample Suite">
<suite source="D:\Robotframework\RED_0.8.11.20190131133900-win32.win32.x86_64\workspace\RED_demo.zip_expanded\Demo\Robot_web_testing\sample_suite\sample_tests.robot" id="s1-s1-s1-s1" name="Sample Tests">
<test id="s1-s1-s1-s1-t1" name="Login_account_on_android">
<kw name="Open_web_page" library="home_page">
<arguments>
<arg>${WEB_URL}</arg>
<arg>${CHROME}</arg>
<arg>${HUB_URL}</arg>
<arg>${CAP_ANDROID},${CAP_ANDROID_NAME},${CAP_CHROME}</arg>
</arguments>
<kw name="Open Browser" library="SeleniumLibrary">
<doc>Opens a new browser instance to the given ``url``.</doc>
<arguments>
<arg>url=${url}</arg>
<arg>browser=${browser}</arg>
<arg>remote_url=${remote_url}</arg>
<arg>desired_capabilities=${desired_cap}</arg>
</arguments>
<msg timestamp="20190425 19:46:42.619" level="INFO">Opening browser 'chrome' to base url 'http://demo.guru99.com/test/newtours/index.php' through remote server at 'http://10.102.1.115:4444/wd/hub'.</msg>
<status status="PASS" endtime="20190425 19:47:07.184" starttime="20190425 19:46:42.618"></status>
</kw>
<status status="PASS" endtime="20190425 19:47:07.185" starttime="20190425 19:46:42.617"></status>
</kw>
<kw name="Verify_home_page" library="home_page">
<kw name="Title Should Be" library="SeleniumLibrary">
<doc>Verifies that current page title equals ``title``.</doc>
<arguments>
<arg>${HOME_PAGE_TITLE}</arg>
</arguments>
<msg timestamp="20190425 19:47:07.225" level="INFO">Page title is 'Welcome: Mercury Tours'.</msg>
<status status="PASS" endtime="20190425 19:47:07.226" starttime="20190425 19:47:07.186"></status>
</kw>
<status status="PASS" endtime="20190425 19:47:07.226" starttime="20190425 19:47:07.185"></status>
</kw>
<kw name="Go_to_sign_on_page" library="home_page">
<kw name="Log To Console" library="BuiltIn">
<doc>Logs the given message to the console.</doc>
<arguments>
<arg>Go to sign-on page</arg>
</arguments>
<status status="PASS" endtime="20190425 19:47:07.229" starttime="20190425 19:47:07.228"></status>
</kw>
<kw name="Wait Until Element Is Visible" library="SeleniumLibrary">
<doc>Waits until element ``locator`` is visible.</doc>
<arguments>
<arg>${sign_on_link}</arg>
<arg>15s</arg>
</arguments>
<status status="PASS" endtime="20190425 19:47:07.648" starttime="20190425 19:47:07.229"></status>
</kw>
<kw name="Click Link" library="SeleniumLibrary">
<doc>Clicks a link identified by ``locator``.</doc>
<arguments>
<arg>${sign_on_link}</arg>
</arguments>
<msg timestamp="20190425 19:47:07.649" level="INFO">Clicking link 'link=SIGN-ON'.</msg>
<status status="PASS" endtime="20190425 19:47:10.178" starttime="20190425 19:47:07.648"></status>
</kw>
<status status="PASS" endtime="20190425 19:47:10.179" starttime="20190425 19:47:07.227"></status>
</kw>
<kw name="Sign_in" library="login_page">
<arguments>
<arg>${USERNAME}</arg>
<arg>${PASSWORD}</arg>
</arguments>
<kw name="Wait Until Element Is Visible" library="SeleniumLibrary">
<doc>Waits until element ``locator`` is visible.</doc>
<arguments>
<arg>${username_textfield_login}</arg>
</arguments>
<status status="PASS" endtime="20190425 19:47:10.465" starttime="20190425 19:47:10.180"></status>
</kw>
<kw name="Enter_username_to_login" library="login_page">
<arguments>
<arg>${username}</arg>
</arguments>
<kw name="Input Text" library="SeleniumLibrary">
<doc>Types the given ``text`` into text field identified by ``locator``.</doc>
<arguments>
<arg>${username_textfield_login}</arg>
<arg>${username}</arg>
</arguments>
<msg timestamp="20190425 19:47:10.467" level="INFO">Typing text 'tho' into text field 'name=userName'.</msg>
<status status="PASS" endtime="20190425 19:47:11.183" starttime="20190425 19:47:10.466"></status>
</kw>
<status status="PASS" endtime="20190425 19:47:11.184" starttime="20190425 19:47:10.466"></status>
</kw>
<kw name="Enter_password_to_login" library="login_page">
<arguments>
<arg>${password}</arg>
</arguments>
<kw name="Input Text" library="SeleniumLibrary">
<doc>Types the given ``text`` into text field identified by ``locator``.</doc>
<arguments>
<arg>${password_textfield_login}</arg>
<arg>${password}</arg>
</arguments>
<msg timestamp="20190425 19:47:11.187" level="INFO">Typing text '123456' into text field 'name=password'.</msg>
<status status="PASS" endtime="20190425 19:47:11.984" starttime="20190425 19:47:11.186"></status>
</kw>
<status status="PASS" endtime="20190425 19:47:11.985" starttime="20190425 19:47:11.185"></status>
</kw>
<kw name="Click_submit_button_to_login" library="login_page">
<kw name="Press Key" library="SeleniumLibrary">
<doc>Deprecated use `Press Keys` instead.</doc>
<arguments>
<arg>${submit_btn_login}</arg>
<arg>\\13</arg>
</arguments>
<status status="PASS" endtime="20190425 19:47:14.512" starttime="20190425 19:47:11.986"></status>
</kw>
<status status="PASS" endtime="20190425 19:47:14.513" starttime="20190425 19:47:11.985"></status>
</kw>
<status status="PASS" endtime="20190425 19:47:14.513" starttime="20190425 19:47:10.179"></status>
</kw>
<kw name="Click_submit_button_to_login" library="login_page">
<kw name="Press Key" library="SeleniumLibrary">
<doc>Deprecated use `Press Keys` instead.</doc>
<arguments>
<arg>${submit_btn_login}</arg>
<arg>\\13</arg>
</arguments>
<status status="PASS" endtime="20190425 19:47:17.013" starttime="20190425 19:47:14.514"></status>
</kw>
<status status="PASS" endtime="20190425 19:47:17.013" starttime="20190425 19:47:14.513"></status>
</kw>
<kw name="Sleep" library="BuiltIn">
<doc>Pauses the test executed for the given time.</doc>
<arguments>
<arg>5s</arg>
</arguments>
<msg timestamp="20190425 19:47:22.016" level="INFO">Slept 5 seconds</msg>
<status status="PASS" endtime="20190425 19:47:22.016" starttime="20190425 19:47:17.014"></status>
</kw>
<kw type="teardown" name="Close Browser" library="SeleniumLibrary">
<doc>Closes the current browser.</doc>
<status status="PASS" endtime="20190425 19:47:25.469" starttime="20190425 19:47:22.017"></status>
</kw>
<status status="PASS" endtime="20190425 19:47:25.470" critical="yes" starttime="20190425 19:46:42.616"></status>
</test>
<status status="PASS" endtime="20190425 19:47:25.471" starttime="20190425 19:46:42.377"></status>
</suite>
<status status="PASS" endtime="20190425 19:47:25.473" starttime="20190425 19:46:42.374"></status>
</suite>
<status status="PASS" endtime="20190425 19:47:25.475" starttime="20190425 19:46:42.372"></status>
</suite>
<status status="PASS" endtime="20190425 19:47:25.476" starttime="20190425 19:46:42.350"></status>
</suite>
<statistics>
<total>
<stat fail="0" pass="1">Critical Tests</stat>
<stat fail="0" pass="1">All Tests</stat>
</total>
<tag>
</tag>
<suite>
<stat fail="0" id="s1" name="Demo" pass="1">Demo</stat>
<stat fail="0" id="s1-s1" name="Robot web testing" pass="1">Demo.Robot web testing</stat>
<stat fail="0" id="s1-s1-s1" name="Sample Suite" pass="1">Demo.Robot web testing.Sample Suite</stat>
<stat fail="0" id="s1-s1-s1-s1" name="Sample Tests" pass="1">Demo.Robot web testing.Sample Suite.Sample Tests</stat>
</suite>
</statistics>
<errors>
</errors>
</robot>
